{
    "objects": [
        {
            "file": "objects/mesh0.off",
            "symmetries": {
                "rotational": [
                    {
                        "point": [
                            -0.6215455954273542,
                            -0.0160035267132231,
                            -0.07084394680957
                        ],
                        "normal": [
                            0.005646968272501662,
                            -0.9999373180957407,
                            -0.00966807265315325
                        ]
                    }
                ],
                "reflectives": [
                    {
                        "point": [
                            -1.3512190580368042,
                            -0.000267574330791831,
                            0.0712788850069046
                        ],
                        "normal": [
                            -0.0033121639924448567,
                            0.0007557599719278632,
                            -0.9999942291816248
                        ]
                    }
                ]
            }
        }
    ]
}