{
    "objects": [
        {
            "file": "offObjects/mesh0.off",
            "symmetries": {
                "rotational": [
                    {
                        "point": [
                            -0.5052502329150835,
                            -0.0016741788405851092,
                            -0.0821498508254687
                        ],
                        "normal": [
                            -0.00011007300715679007,
                            0.9999999928991761,
                            4.566816204019641e-05
                        ]
                    }
                ],
                "reflectives": [
                    {
                        "point": [
                            -1.3512190580368042,
                            -0.000267574330791831,
                            0.0712788850069046
                        ],
                        "normal": [
                            -0.0033121639924448567,
                            0.0007557599719278632,
                            -0.9999942291816248
                        ]
                    }
                ]
            }
        }
    ]
}