{
    "objects": [

        {
            "file": "offObjects/mesh13.off",
            "symmetries": {
                "rotational": [
                    {
                        "point": [
                            -0.002281396401072429,
                            0.3310909000310031,
                            -0.006403886205093427
                        ],
                        "normal": [
                            0.0018129127453115645,
                            0.9998309986535114,
                            -0.018294465799797002
                        ]
                    }
                ],
                "reflectives": [
                    {
                        "point": [
                            0.0020565278828144073,
                            0.3310000002384186,
                            -0.0032165665179491043
                        ],
                        "normal": [
                            -0.48474782561803537,
                            -0.017364415582102156,
                            -0.8744815736366769
                        ]
                    }
                ]
            }
        }
    ]
}