{
    "objects": [
        {
            "file": "offObjects/mesh3.off",
            "symmetries": {
                "rotational": [
                    {
                        "point": [
                            -0.0009002714905456592,
                            -0.005298358713361589,
                            -4.1424228279574404e-05
                        ],
                        "normal": [
                            -0.015541668328476253,
                            -0.9998792127672381,
                            -0.00012814654112177837
                        ]
                    }
                ],
                "reflectives": []
            }
        },
        {
            "file": "offObjects/mesh2.off",
            "symmetries": {
                "rotational": [],
                "reflectives": [
                    {
                        "point": [
                            0.0009113075211644173,
                            0.01009714137762785,
                            -0.006248740945011377
                        ],
                        "normal": [
                            -0.987290037768837,
                            0.0041212240110117095,
                            0.1588754129343478
                        ]
                    }
                ]
            }
        }
    ]
}